<?xml version="1.0" encoding="UTF-8" ?>
<!-- Created using XmlSitemapGenerator.org WordPress Plugin - Free HTML, RSS and XML sitemap generator -->
<rss version="2.0">
<channel>
<title>Wascade</title><link>https://wascade.ma</link><description>Le spécialiste de la dératisation, la désinsectisation, la désinfection et capture des chats et chiens errants</description>
<item><guid>https://wascade.ma/services/capture-des-chiens-errants/</guid><title>Capture de chiens errants | Wascade</title><link>https://wascade.ma/services/capture-des-chiens-errants/</link><description>Nous offrons un service de capture des chiens errant, qui vous nui dans votre espace d’habitation ou de travail, dans le respect des normes environnementales.</description><pubDate>Tue, 18 Dec 2018 18:34:40 +0000</pubDate></item>
<item><guid>https://wascade.ma/services/depigeonnisation/</guid><title>Dépigeonnisation | Wascade</title><link>https://wascade.ma/services/depigeonnisation/</link><description>Nous proposons des solutions efficaces pour empêcher les pigeons de s’installer sur les toits de votre maison, ou de votre espace de travail.</description><pubDate>Tue, 18 Dec 2018 18:34:23 +0000</pubDate></item>
<item><guid>https://wascade.ma/services/desinsectisation/</guid><title>Désinsectisation | Wascade</title><link>https://wascade.ma/services/desinsectisation/</link><description>Blattes, guêpes, frelons, puces, punaises de lits, fourmis, etc. Nous éliminons toute sorte d’insectes qui vous nui dans votre habitation ou votre espace de travail.</description><pubDate>Tue, 18 Dec 2018 18:32:45 +0000</pubDate></item>
<item><guid>https://wascade.ma/services/desinfection/</guid><title>Désinfection | Wascade</title><link>https://wascade.ma/services/desinfection/</link><description>Nous éliminons et détruisons les germes et certains micro-organismes infectieux. Nous utilisons des produits conformes aux normes mondiales de la santé.</description><pubDate>Tue, 18 Dec 2018 18:32:25 +0000</pubDate></item>
<item><guid>https://wascade.ma/services/capture-des-chats-errants/</guid><title>Capture de chats errants | Wascade</title><link>https://wascade.ma/services/capture-des-chats-errants/</link><description>Nous proposons un service professionnel, aux particuliers et aux professionnels, pour la capture des chats errant, qui vous dérange dans vos locaux.</description><pubDate>Tue, 18 Dec 2018 18:32:05 +0000</pubDate></item>
<item><guid>https://wascade.ma/services/deratisation/</guid><title>Dératisation | Wascade</title><link>https://wascade.ma/services/deratisation/</link><description>La dératisation est l'opération qui consiste à lutter contre les rongeurs, les souris, les rats etc. Des rongeurs envahissent votre habitation ? Faites appel à toute l'expertise de wascade.</description><pubDate>Tue, 18 Dec 2018 18:30:27 +0000</pubDate></item>
<item><guid>https://wascade.ma/client-logo/pullman-logo/</guid><title>Pullman Logo | Wascade</title><link>https://wascade.ma/client-logo/pullman-logo/</link><description></description><pubDate>Tue, 28 Aug 2018 10:49:58 +0000</pubDate></item>
<item><guid>https://wascade.ma/client-logo/safran-logo/</guid><title>SAFRAN LOGO | Wascade</title><link>https://wascade.ma/client-logo/safran-logo/</link><description></description><pubDate>Tue, 28 Aug 2018 10:49:38 +0000</pubDate></item>
<item><guid>https://wascade.ma/services/fly-tec/</guid><title>Applique FLY-TEC | Wascade</title><link>https://wascade.ma/services/fly-tec/</link><description></description><pubDate>Tue, 22 May 2018 10:20:30 +0000</pubDate></item>
<item><guid>https://wascade.ma/services/cage-de-capture-pour-chats/</guid><title>Cage de capture pour Chats | Wascade</title><link>https://wascade.ma/services/cage-de-capture-pour-chats/</link><description></description><pubDate>Mon, 23 Apr 2018 11:11:38 +0000</pubDate></item>
<item><guid>https://wascade.ma/services/fusion-box/</guid><title>FUSION BOX | Wascade</title><link>https://wascade.ma/services/fusion-box/</link><description></description><pubDate>Mon, 23 Apr 2018 11:01:41 +0000</pubDate></item>
<item><guid>https://wascade.ma/services/mini-fog/</guid><title>Mini FOG | Wascade</title><link>https://wascade.ma/services/mini-fog/</link><description></description><pubDate>Mon, 23 Apr 2018 10:53:58 +0000</pubDate></item>
<item><guid>https://wascade.ma/services/masterbox-midi/</guid><title>MASTERBOX MIDI | Wascade</title><link>https://wascade.ma/services/masterbox-midi/</link><description></description><pubDate>Mon, 23 Apr 2018 10:39:22 +0000</pubDate></item>
<item><guid>https://wascade.ma/services/total-box/</guid><title>TOTAL BOX | Wascade</title><link>https://wascade.ma/services/total-box/</link><description></description><pubDate>Mon, 23 Apr 2018 10:36:44 +0000</pubDate></item>
<item><guid>https://wascade.ma/services/total-box-transparent/</guid><title>TOTAL BOX Transparent | Wascade</title><link>https://wascade.ma/services/total-box-transparent/</link><description></description><pubDate>Mon, 23 Apr 2018 10:21:34 +0000</pubDate></item>
<item><guid>https://wascade.ma/services/eurofly/</guid><title>EUROFLY | Wascade</title><link>https://wascade.ma/services/eurofly/</link><description></description><pubDate>Fri, 20 Apr 2018 12:45:52 +0000</pubDate></item>
<item><guid>https://wascade.ma/services/poste-dappatage-masterbox-big/</guid><title>MasterBox Big | Wascade</title><link>https://wascade.ma/services/poste-dappatage-masterbox-big/</link><description></description><pubDate>Fri, 20 Apr 2018 12:37:38 +0000</pubDate></item>
<item><guid>https://wascade.ma/services/cage-de-capture-pour-rats/</guid><title>Cage de capture pour Rats | Wascade</title><link>https://wascade.ma/services/cage-de-capture-pour-rats/</link><description></description><pubDate>Fri, 20 Apr 2018 12:10:49 +0000</pubDate></item>
<item><guid>https://wascade.ma/services/masterbox-plus-transparent/</guid><title>MASTERBOX PLUS TRANSPARENT | Wascade</title><link>https://wascade.ma/services/masterbox-plus-transparent/</link><description></description><pubDate>Fri, 20 Apr 2018 12:07:57 +0000</pubDate></item>

</channel>
</rss>
<!-- Created using XmlSitemapGenerator.org WordPress Plugin - Free HTML, RSS and XML sitemap generator -->

<!--
Performance optimized by W3 Total Cache. Learn more: https://www.w3-edge.com/products/

Mise en cache objet de 72/88 objets utilisant disk
Page Caching using disk: enhanced 
Mibnifié utilisant disk
Mise en cache de base de données 3/8 requêtes dans 0.004 secondes utilisant disk

Served from: wascade.ma @ 2019-03-27 16:16:06 by W3 Total Cache
-->